"Reference","Qty","Value","DNP","Exclude from BOM","Exclude from Board","Footprint","Datasheet"
"BT1","1","Battery_Cell","","","","Connector_JST:JST_PH_S2B-PH-K_1x02_P2.00mm_Horizontal",""
"C1,C5,C20,C22","4","10uF","","","","Capacitor_SMD:C_0805_2012Metric",""
"C2,C4,C6,C7,C8,C9,C10,C15","8","100nF","","","","Capacitor_SMD:C_0805_2012Metric",""
"C3,C12,C13,C14,C21","5","1uF","","","","Capacitor_SMD:C_0805_2012Metric",""
"C11,C16","2","2.2uF","","","","Capacitor_SMD:C_0805_2012Metric",""
"C17,C18","2","220uF","","","","Capacitor_THT:CP_Radial_D6.3mm_P2.50mm",""
"C19","1","4.7uF","","","","Capacitor_SMD:C_0805_2012Metric",""
"D1","1","LED","","","","LED_THT:LED_D5.0mm",""
"J1","1","Micro_SD_Card","","","","Connector_Card:microSD_HC_Hirose_DM3AT-SF-PEJM5","https://www.we-online.com/components/products/datasheet/693072010801.pdf"
"J2","1","AudioJack3_SwitchT","","","","Connector_Audio:Jack_3.5mm_CUI_SJ1-3535NG_Horizontal",""
"J3","1","USB_C_Receptacle_USB2.0_14P","","","","Connector_USB:USB_C_Receptacle_XKB_U262-16XN-4BVC11","https://www.usb.org/sites/default/files/documents/usb_type-c.zip"
"R1,R2,R3,R4,R5,R6,R7,R9,R11,R12,R15,R16,R17,R19,R21","15","10k","","","","Resistor_SMD:R_0805_2012Metric",""
"R8,R10","2","20k","","","","Resistor_SMD:R_0805_2012Metric",""
"R13,R14","2","4.7k","","","","Resistor_SMD:R_0805_2012Metric",""
"R18","1","2k","","","","Resistor_SMD:R_0805_2012Metric",""
"R20","1","1k","","","","Resistor_SMD:R_0805_2012Metric",""
"R22,R23","2","5.1k","","","","Resistor_SMD:R_0805_2012Metric",""
"SW1,SW2,SW3,SW5","4","SW_Push","","","","Button_Switch_THT:SW_PUSH_6mm",""
"SW4","1","RotaryEncoder_Switch","","","","Rotary_Encoder:RotaryEncoder_Alps_EC11E-Switch_Vertical_H20mm",""
"U1","1","ESP32-S3-WROOM-1","","","","RF_Module:ESP32-S3-WROOM-1","https://www.espressif.com/sites/default/files/documentation/esp32-s3-wroom-1_wroom-1u_datasheet_en.pdf"
"U2","1","PCM5102A","","","","Package_SO:TSSOP-20_4.4x6.5mm_P0.65mm","https://www.ti.com/lit/ds/symlink/pcm5102a.pdf"
"U3","1","TPA6110A2DGN","","","","Package_SO:HVSSOP-8-1EP_3x3mm_P0.65mm_EP1.57x1.89mm","https://www.ti.com/lit/ds/symlink/tpa6110a2.pdf"
"U4","1","ER_OLEDM0.91_1x-I2C","","","","Display:ER_OLEDM0.91_1x-I2C","https://www.buydisplay.com/download/manual/ER-OLEDM0.91-1_Datasheet.pdf"
"U5","1","MCP73831-2-MC","","","","Package_DFN_QFN:DFN-8-1EP_3x2mm_P0.5mm_EP1.7x1.4mm","http://ww1.microchip.com/downloads/en/DeviceDoc/20001984g.pdf"
"U6","1","AP2112K-3.3","","","","Package_TO_SOT_SMD:SOT-23-5","https://www.diodes.com/assets/Datasheets/AP2112.pdf"
